,name,oklad,link,site
0,Junior Data Engineer,80 000 – 120 000 руб.,https://irkutsk.hh.ru/vacancy/45827027?query=data%20scien,hh.ru
1,Специалист Computer Vision (Senior Data Scientist),180 000 – 300 000 руб.,https://irkutsk.hh.ru/vacancy/45715303?query=data%20scien,hh.ru
2,Data Scientist,100 000 – 250 000 руб.,https://irkutsk.hh.ru/vacancy/44350010?query=data%20scien,hh.ru
3,Senior data science analytics,от 150 000 руб.,https://irkutsk.hh.ru/vacancy/45378636?query=data%20scien,hh.ru
4,Data Science (Consultant/Middle/Senior),,https://irkutsk.hh.ru/vacancy/45860634?query=data%20scien,hh.ru
5,Senior Data Scientist,от 500 000 KZT,https://irkutsk.hh.ru/vacancy/45767231?query=data%20scien,hh.ru
6,Data Scientist,до 250 000 руб.,https://irkutsk.hh.ru/vacancy/45191074?query=data%20scien,hh.ru
7,Junior аналитик данных,,https://irkutsk.hh.ru/vacancy/45963299?query=data%20scien,hh.ru
8,BI-аналитик,от 300 000 KZT,https://irkutsk.hh.ru/vacancy/45767593?query=data%20scien,hh.ru
9,Junior Quantitative Researcher,от 100 000 руб.,https://irkutsk.hh.ru/vacancy/44942169?query=data%20scien,hh.ru
10,"Data-science Intern/Analyst, Technology Group, Performance Improvement",,https://irkutsk.hh.ru/vacancy/45726835?query=data%20scien,hh.ru
11,Data Scientist / Аналитик Data Science,,https://irkutsk.hh.ru/vacancy/45062052?query=data%20scien,hh.ru
12,Senior Data Scientist (Recommender Systems),от 250 000 руб.,https://irkutsk.hh.ru/vacancy/40374266?query=data%20scien,hh.ru
13,Lead Quantitative Researcher,200 000 – 500 000 руб.,https://irkutsk.hh.ru/vacancy/45349239?query=data%20scien,hh.ru
14,Data Scientist,,https://irkutsk.hh.ru/vacancy/45959522?query=data%20scien,hh.ru
15,Data Scientist,,https://irkutsk.hh.ru/vacancy/45287557?query=data%20scien,hh.ru
16,Аналитик Data Science,,https://irkutsk.hh.ru/vacancy/45350928?query=data%20scien,hh.ru
17,Product Data Analyst,,https://irkutsk.hh.ru/vacancy/45566108?query=data%20scien,hh.ru
18,Data Scientist,,https://irkutsk.hh.ru/vacancy/45979603?query=data%20scien,hh.ru
19,Data Scientist,,https://irkutsk.hh.ru/vacancy/45932322?query=data%20scien,hh.ru
20,Junior Data Engineer,80 000 – 120 000 руб.,https://irkutsk.hh.ru/vacancy/45827027?query=data%20scien,hh.ru
21,Специалист Computer Vision (Senior Data Scientist),180 000 – 300 000 руб.,https://irkutsk.hh.ru/vacancy/45715303?query=data%20scien,hh.ru
22,Data Scientist,100 000 – 250 000 руб.,https://irkutsk.hh.ru/vacancy/44350010?query=data%20scien,hh.ru
23,Senior data science analytics,от 150 000 руб.,https://irkutsk.hh.ru/vacancy/45378636?query=data%20scien,hh.ru
24,Data Science (Consultant/Middle/Senior),,https://irkutsk.hh.ru/vacancy/45860634?query=data%20scien,hh.ru
25,Senior Data Scientist,от 500 000 KZT,https://irkutsk.hh.ru/vacancy/45767231?query=data%20scien,hh.ru
26,Data Scientist,до 250 000 руб.,https://irkutsk.hh.ru/vacancy/45191074?query=data%20scien,hh.ru
27,Junior аналитик данных,,https://irkutsk.hh.ru/vacancy/45963299?query=data%20scien,hh.ru
28,BI-аналитик,от 300 000 KZT,https://irkutsk.hh.ru/vacancy/45767593?query=data%20scien,hh.ru
29,Junior Quantitative Researcher,от 100 000 руб.,https://irkutsk.hh.ru/vacancy/44942169?query=data%20scien,hh.ru
30,"Data-science Intern/Analyst, Technology Group, Performance Improvement",,https://irkutsk.hh.ru/vacancy/45726835?query=data%20scien,hh.ru
31,Data Scientist / Аналитик Data Science,,https://irkutsk.hh.ru/vacancy/45062052?query=data%20scien,hh.ru
32,Senior Data Scientist (Recommender Systems),от 250 000 руб.,https://irkutsk.hh.ru/vacancy/40374266?query=data%20scien,hh.ru
33,Lead Quantitative Researcher,200 000 – 500 000 руб.,https://irkutsk.hh.ru/vacancy/45349239?query=data%20scien,hh.ru
34,Data Scientist,,https://irkutsk.hh.ru/vacancy/45959522?query=data%20scien,hh.ru
35,Data Scientist,,https://irkutsk.hh.ru/vacancy/45287557?query=data%20scien,hh.ru
36,Аналитик Data Science,,https://irkutsk.hh.ru/vacancy/45350928?query=data%20scien,hh.ru
37,Product Data Analyst,,https://irkutsk.hh.ru/vacancy/45566108?query=data%20scien,hh.ru
38,Data Scientist,,https://irkutsk.hh.ru/vacancy/45979603?query=data%20scien,hh.ru
39,Data Scientist,,https://irkutsk.hh.ru/vacancy/45932322?query=data%20scien,hh.ru
40,Junior Data Engineer,80 000 – 120 000 руб.,https://irkutsk.hh.ru/vacancy/45827027?query=data%20scien,hh.ru
41,Специалист Computer Vision (Senior Data Scientist),180 000 – 300 000 руб.,https://irkutsk.hh.ru/vacancy/45715303?query=data%20scien,hh.ru
42,Data Scientist,100 000 – 250 000 руб.,https://irkutsk.hh.ru/vacancy/44350010?query=data%20scien,hh.ru
43,Senior data science analytics,от 150 000 руб.,https://irkutsk.hh.ru/vacancy/45378636?query=data%20scien,hh.ru
44,Data Science (Consultant/Middle/Senior),,https://irkutsk.hh.ru/vacancy/45860634?query=data%20scien,hh.ru
45,Senior Data Scientist,от 500 000 KZT,https://irkutsk.hh.ru/vacancy/45767231?query=data%20scien,hh.ru
46,Data Scientist,до 250 000 руб.,https://irkutsk.hh.ru/vacancy/45191074?query=data%20scien,hh.ru
47,Junior аналитик данных,,https://irkutsk.hh.ru/vacancy/45963299?query=data%20scien,hh.ru
48,BI-аналитик,от 300 000 KZT,https://irkutsk.hh.ru/vacancy/45767593?query=data%20scien,hh.ru
49,Junior Quantitative Researcher,от 100 000 руб.,https://irkutsk.hh.ru/vacancy/44942169?query=data%20scien,hh.ru
50,"Data-science Intern/Analyst, Technology Group, Performance Improvement",,https://irkutsk.hh.ru/vacancy/45726835?query=data%20scien,hh.ru
51,Data Scientist / Аналитик Data Science,,https://irkutsk.hh.ru/vacancy/45062052?query=data%20scien,hh.ru
52,Senior Data Scientist (Recommender Systems),от 250 000 руб.,https://irkutsk.hh.ru/vacancy/40374266?query=data%20scien,hh.ru
53,Lead Quantitative Researcher,200 000 – 500 000 руб.,https://irkutsk.hh.ru/vacancy/45349239?query=data%20scien,hh.ru
54,Data Scientist,,https://irkutsk.hh.ru/vacancy/45959522?query=data%20scien,hh.ru
55,Data Scientist,,https://irkutsk.hh.ru/vacancy/45287557?query=data%20scien,hh.ru
56,Аналитик Data Science,,https://irkutsk.hh.ru/vacancy/45350928?query=data%20scien,hh.ru
57,Product Data Analyst,,https://irkutsk.hh.ru/vacancy/45566108?query=data%20scien,hh.ru
58,Data Scientist,,https://irkutsk.hh.ru/vacancy/45979603?query=data%20scien,hh.ru
59,Data Scientist,,https://irkutsk.hh.ru/vacancy/45932322?query=data%20scien,hh.ru
60,Junior Data Engineer,80 000 – 120 000 руб.,https://irkutsk.hh.ru/vacancy/45827027?query=data%20scien,hh.ru
61,Специалист Computer Vision (Senior Data Scientist),180 000 – 300 000 руб.,https://irkutsk.hh.ru/vacancy/45715303?query=data%20scien,hh.ru
62,Data Scientist,100 000 – 250 000 руб.,https://irkutsk.hh.ru/vacancy/44350010?query=data%20scien,hh.ru
63,Senior data science analytics,от 150 000 руб.,https://irkutsk.hh.ru/vacancy/45378636?query=data%20scien,hh.ru
64,Data Science (Consultant/Middle/Senior),,https://irkutsk.hh.ru/vacancy/45860634?query=data%20scien,hh.ru
65,Senior Data Scientist,от 500 000 KZT,https://irkutsk.hh.ru/vacancy/45767231?query=data%20scien,hh.ru
66,Data Scientist,до 250 000 руб.,https://irkutsk.hh.ru/vacancy/45191074?query=data%20scien,hh.ru
67,Junior аналитик данных,,https://irkutsk.hh.ru/vacancy/45963299?query=data%20scien,hh.ru
68,BI-аналитик,от 300 000 KZT,https://irkutsk.hh.ru/vacancy/45767593?query=data%20scien,hh.ru
69,Junior Quantitative Researcher,от 100 000 руб.,https://irkutsk.hh.ru/vacancy/44942169?query=data%20scien,hh.ru
70,"Data-science Intern/Analyst, Technology Group, Performance Improvement",,https://irkutsk.hh.ru/vacancy/45726835?query=data%20scien,hh.ru
71,Data Scientist / Аналитик Data Science,,https://irkutsk.hh.ru/vacancy/45062052?query=data%20scien,hh.ru
72,Senior Data Scientist (Recommender Systems),от 250 000 руб.,https://irkutsk.hh.ru/vacancy/40374266?query=data%20scien,hh.ru
73,Lead Quantitative Researcher,200 000 – 500 000 руб.,https://irkutsk.hh.ru/vacancy/45349239?query=data%20scien,hh.ru
74,Data Scientist,,https://irkutsk.hh.ru/vacancy/45959522?query=data%20scien,hh.ru
75,Data Scientist,,https://irkutsk.hh.ru/vacancy/45287557?query=data%20scien,hh.ru
76,Аналитик Data Science,,https://irkutsk.hh.ru/vacancy/45350928?query=data%20scien,hh.ru
77,Product Data Analyst,,https://irkutsk.hh.ru/vacancy/45566108?query=data%20scien,hh.ru
78,Data Scientist,,https://irkutsk.hh.ru/vacancy/45979603?query=data%20scien,hh.ru
79,Data Scientist,,https://irkutsk.hh.ru/vacancy/45932322?query=data%20scien,hh.ru
80,Junior Data Engineer,80 000 – 120 000 руб.,https://irkutsk.hh.ru/vacancy/45827027?query=data%20scien,hh.ru
81,Специалист Computer Vision (Senior Data Scientist),180 000 – 300 000 руб.,https://irkutsk.hh.ru/vacancy/45715303?query=data%20scien,hh.ru
82,Data Scientist,100 000 – 250 000 руб.,https://irkutsk.hh.ru/vacancy/44350010?query=data%20scien,hh.ru
83,Senior data science analytics,от 150 000 руб.,https://irkutsk.hh.ru/vacancy/45378636?query=data%20scien,hh.ru
84,Data Science (Consultant/Middle/Senior),,https://irkutsk.hh.ru/vacancy/45860634?query=data%20scien,hh.ru
85,Senior Data Scientist,от 500 000 KZT,https://irkutsk.hh.ru/vacancy/45767231?query=data%20scien,hh.ru
86,Data Scientist,до 250 000 руб.,https://irkutsk.hh.ru/vacancy/45191074?query=data%20scien,hh.ru
87,Junior аналитик данных,,https://irkutsk.hh.ru/vacancy/45963299?query=data%20scien,hh.ru
88,BI-аналитик,от 300 000 KZT,https://irkutsk.hh.ru/vacancy/45767593?query=data%20scien,hh.ru
89,Junior Quantitative Researcher,от 100 000 руб.,https://irkutsk.hh.ru/vacancy/44942169?query=data%20scien,hh.ru
90,"Data-science Intern/Analyst, Technology Group, Performance Improvement",,https://irkutsk.hh.ru/vacancy/45726835?query=data%20scien,hh.ru
91,Data Scientist / Аналитик Data Science,,https://irkutsk.hh.ru/vacancy/45062052?query=data%20scien,hh.ru
92,Senior Data Scientist (Recommender Systems),от 250 000 руб.,https://irkutsk.hh.ru/vacancy/40374266?query=data%20scien,hh.ru
93,Lead Quantitative Researcher,200 000 – 500 000 руб.,https://irkutsk.hh.ru/vacancy/45349239?query=data%20scien,hh.ru
94,Data Scientist,,https://irkutsk.hh.ru/vacancy/45959522?query=data%20scien,hh.ru
95,Data Scientist,,https://irkutsk.hh.ru/vacancy/45287557?query=data%20scien,hh.ru
96,Аналитик Data Science,,https://irkutsk.hh.ru/vacancy/45350928?query=data%20scien,hh.ru
97,Product Data Analyst,,https://irkutsk.hh.ru/vacancy/45566108?query=data%20scien,hh.ru
98,Data Scientist,,https://irkutsk.hh.ru/vacancy/45979603?query=data%20scien,hh.ru
99,Data Scientist,,https://irkutsk.hh.ru/vacancy/45932322?query=data%20scien,hh.ru
100,Junior Data Engineer,80 000 – 120 000 руб.,https://irkutsk.hh.ru/vacancy/45827027?query=data%20scien,hh.ru
101,Специалист Computer Vision (Senior Data Scientist),180 000 – 300 000 руб.,https://irkutsk.hh.ru/vacancy/45715303?query=data%20scien,hh.ru
102,Data Scientist,100 000 – 250 000 руб.,https://irkutsk.hh.ru/vacancy/44350010?query=data%20scien,hh.ru
103,Senior data science analytics,от 150 000 руб.,https://irkutsk.hh.ru/vacancy/45378636?query=data%20scien,hh.ru
104,Data Science (Consultant/Middle/Senior),,https://irkutsk.hh.ru/vacancy/45860634?query=data%20scien,hh.ru
105,Senior Data Scientist,от 500 000 KZT,https://irkutsk.hh.ru/vacancy/45767231?query=data%20scien,hh.ru
106,Data Scientist,до 250 000 руб.,https://irkutsk.hh.ru/vacancy/45191074?query=data%20scien,hh.ru
107,Junior аналитик данных,,https://irkutsk.hh.ru/vacancy/45963299?query=data%20scien,hh.ru
108,BI-аналитик,от 300 000 KZT,https://irkutsk.hh.ru/vacancy/45767593?query=data%20scien,hh.ru
109,Junior Quantitative Researcher,от 100 000 руб.,https://irkutsk.hh.ru/vacancy/44942169?query=data%20scien,hh.ru
110,"Data-science Intern/Analyst, Technology Group, Performance Improvement",,https://irkutsk.hh.ru/vacancy/45726835?query=data%20scien,hh.ru
111,Data Scientist / Аналитик Data Science,,https://irkutsk.hh.ru/vacancy/45062052?query=data%20scien,hh.ru
112,Senior Data Scientist (Recommender Systems),от 250 000 руб.,https://irkutsk.hh.ru/vacancy/40374266?query=data%20scien,hh.ru
113,Lead Quantitative Researcher,200 000 – 500 000 руб.,https://irkutsk.hh.ru/vacancy/45349239?query=data%20scien,hh.ru
114,Data Scientist,,https://irkutsk.hh.ru/vacancy/45959522?query=data%20scien,hh.ru
115,Data Scientist,,https://irkutsk.hh.ru/vacancy/45287557?query=data%20scien,hh.ru
116,Аналитик Data Science,,https://irkutsk.hh.ru/vacancy/45350928?query=data%20scien,hh.ru
117,Product Data Analyst,,https://irkutsk.hh.ru/vacancy/45566108?query=data%20scien,hh.ru
118,Data Scientist,,https://irkutsk.hh.ru/vacancy/45979603?query=data%20scien,hh.ru
119,Data Scientist,,https://irkutsk.hh.ru/vacancy/45932322?query=data%20scien,hh.ru
120,Junior Data Engineer,80 000 – 120 000 руб.,https://irkutsk.hh.ru/vacancy/45827027?query=data%20scien,hh.ru
121,Специалист Computer Vision (Senior Data Scientist),180 000 – 300 000 руб.,https://irkutsk.hh.ru/vacancy/45715303?query=data%20scien,hh.ru
122,Data Scientist,100 000 – 250 000 руб.,https://irkutsk.hh.ru/vacancy/44350010?query=data%20scien,hh.ru
123,Senior data science analytics,от 150 000 руб.,https://irkutsk.hh.ru/vacancy/45378636?query=data%20scien,hh.ru
124,Data Science (Consultant/Middle/Senior),,https://irkutsk.hh.ru/vacancy/45860634?query=data%20scien,hh.ru
125,Senior Data Scientist,от 500 000 KZT,https://irkutsk.hh.ru/vacancy/45767231?query=data%20scien,hh.ru
126,Data Scientist,до 250 000 руб.,https://irkutsk.hh.ru/vacancy/45191074?query=data%20scien,hh.ru
127,Junior аналитик данных,,https://irkutsk.hh.ru/vacancy/45963299?query=data%20scien,hh.ru
128,BI-аналитик,от 300 000 KZT,https://irkutsk.hh.ru/vacancy/45767593?query=data%20scien,hh.ru
129,Junior Quantitative Researcher,от 100 000 руб.,https://irkutsk.hh.ru/vacancy/44942169?query=data%20scien,hh.ru
130,"Data-science Intern/Analyst, Technology Group, Performance Improvement",,https://irkutsk.hh.ru/vacancy/45726835?query=data%20scien,hh.ru
131,Data Scientist / Аналитик Data Science,,https://irkutsk.hh.ru/vacancy/45062052?query=data%20scien,hh.ru
132,Senior Data Scientist (Recommender Systems),от 250 000 руб.,https://irkutsk.hh.ru/vacancy/40374266?query=data%20scien,hh.ru
133,Lead Quantitative Researcher,200 000 – 500 000 руб.,https://irkutsk.hh.ru/vacancy/45349239?query=data%20scien,hh.ru
134,Data Scientist,,https://irkutsk.hh.ru/vacancy/45959522?query=data%20scien,hh.ru
135,Data Scientist,,https://irkutsk.hh.ru/vacancy/45287557?query=data%20scien,hh.ru
136,Аналитик Data Science,,https://irkutsk.hh.ru/vacancy/45350928?query=data%20scien,hh.ru
137,Product Data Analyst,,https://irkutsk.hh.ru/vacancy/45566108?query=data%20scien,hh.ru
138,Data Scientist,,https://irkutsk.hh.ru/vacancy/45979603?query=data%20scien,hh.ru
139,Data Scientist,,https://irkutsk.hh.ru/vacancy/45932322?query=data%20scien,hh.ru
140,Junior Data Engineer,80 000 – 120 000 руб.,https://irkutsk.hh.ru/vacancy/45827027?query=data%20scien,hh.ru
141,Специалист Computer Vision (Senior Data Scientist),180 000 – 300 000 руб.,https://irkutsk.hh.ru/vacancy/45715303?query=data%20scien,hh.ru
142,Data Scientist,100 000 – 250 000 руб.,https://irkutsk.hh.ru/vacancy/44350010?query=data%20scien,hh.ru
143,Senior data science analytics,от 150 000 руб.,https://irkutsk.hh.ru/vacancy/45378636?query=data%20scien,hh.ru
144,Data Science (Consultant/Middle/Senior),,https://irkutsk.hh.ru/vacancy/45860634?query=data%20scien,hh.ru
145,Senior Data Scientist,от 500 000 KZT,https://irkutsk.hh.ru/vacancy/45767231?query=data%20scien,hh.ru
146,Data Scientist,до 250 000 руб.,https://irkutsk.hh.ru/vacancy/45191074?query=data%20scien,hh.ru
147,Junior аналитик данных,,https://irkutsk.hh.ru/vacancy/45963299?query=data%20scien,hh.ru
148,BI-аналитик,от 300 000 KZT,https://irkutsk.hh.ru/vacancy/45767593?query=data%20scien,hh.ru
149,Junior Quantitative Researcher,от 100 000 руб.,https://irkutsk.hh.ru/vacancy/44942169?query=data%20scien,hh.ru
150,"Data-science Intern/Analyst, Technology Group, Performance Improvement",,https://irkutsk.hh.ru/vacancy/45726835?query=data%20scien,hh.ru
151,Data Scientist / Аналитик Data Science,,https://irkutsk.hh.ru/vacancy/45062052?query=data%20scien,hh.ru
152,Senior Data Scientist (Recommender Systems),от 250 000 руб.,https://irkutsk.hh.ru/vacancy/40374266?query=data%20scien,hh.ru
153,Lead Quantitative Researcher,200 000 – 500 000 руб.,https://irkutsk.hh.ru/vacancy/45349239?query=data%20scien,hh.ru
154,Data Scientist,,https://irkutsk.hh.ru/vacancy/45959522?query=data%20scien,hh.ru
155,Data Scientist,,https://irkutsk.hh.ru/vacancy/45287557?query=data%20scien,hh.ru
156,Аналитик Data Science,,https://irkutsk.hh.ru/vacancy/45350928?query=data%20scien,hh.ru
157,Product Data Analyst,,https://irkutsk.hh.ru/vacancy/45566108?query=data%20scien,hh.ru
158,Data Scientist,,https://irkutsk.hh.ru/vacancy/45979603?query=data%20scien,hh.ru
159,Data Scientist,,https://irkutsk.hh.ru/vacancy/45932322?query=data%20scien,hh.ru
160,Junior Data Engineer,80 000 – 120 000 руб.,https://irkutsk.hh.ru/vacancy/45827027?query=data%20scien,hh.ru
161,Специалист Computer Vision (Senior Data Scientist),180 000 – 300 000 руб.,https://irkutsk.hh.ru/vacancy/45715303?query=data%20scien,hh.ru
162,Data Scientist,100 000 – 250 000 руб.,https://irkutsk.hh.ru/vacancy/44350010?query=data%20scien,hh.ru
163,Senior data science analytics,от 150 000 руб.,https://irkutsk.hh.ru/vacancy/45378636?query=data%20scien,hh.ru
164,Data Science (Consultant/Middle/Senior),,https://irkutsk.hh.ru/vacancy/45860634?query=data%20scien,hh.ru
165,Senior Data Scientist,от 500 000 KZT,https://irkutsk.hh.ru/vacancy/45767231?query=data%20scien,hh.ru
166,Data Scientist,до 250 000 руб.,https://irkutsk.hh.ru/vacancy/45191074?query=data%20scien,hh.ru
167,Junior аналитик данных,,https://irkutsk.hh.ru/vacancy/45963299?query=data%20scien,hh.ru
168,BI-аналитик,от 300 000 KZT,https://irkutsk.hh.ru/vacancy/45767593?query=data%20scien,hh.ru
169,Junior Quantitative Researcher,от 100 000 руб.,https://irkutsk.hh.ru/vacancy/44942169?query=data%20scien,hh.ru
170,"Data-science Intern/Analyst, Technology Group, Performance Improvement",,https://irkutsk.hh.ru/vacancy/45726835?query=data%20scien,hh.ru
171,Data Scientist / Аналитик Data Science,,https://irkutsk.hh.ru/vacancy/45062052?query=data%20scien,hh.ru
172,Senior Data Scientist (Recommender Systems),от 250 000 руб.,https://irkutsk.hh.ru/vacancy/40374266?query=data%20scien,hh.ru
173,Lead Quantitative Researcher,200 000 – 500 000 руб.,https://irkutsk.hh.ru/vacancy/45349239?query=data%20scien,hh.ru
174,Data Scientist,,https://irkutsk.hh.ru/vacancy/45959522?query=data%20scien,hh.ru
175,Data Scientist,,https://irkutsk.hh.ru/vacancy/45287557?query=data%20scien,hh.ru
176,Аналитик Data Science,,https://irkutsk.hh.ru/vacancy/45350928?query=data%20scien,hh.ru
177,Product Data Analyst,,https://irkutsk.hh.ru/vacancy/45566108?query=data%20scien,hh.ru
178,Data Scientist,,https://irkutsk.hh.ru/vacancy/45979603?query=data%20scien,hh.ru
179,Data Scientist,,https://irkutsk.hh.ru/vacancy/45932322?query=data%20scien,hh.ru
180,Junior Data Engineer,80 000 – 120 000 руб.,https://irkutsk.hh.ru/vacancy/45827027?query=data%20scien,hh.ru
181,Специалист Computer Vision (Senior Data Scientist),180 000 – 300 000 руб.,https://irkutsk.hh.ru/vacancy/45715303?query=data%20scien,hh.ru
182,Data Scientist,100 000 – 250 000 руб.,https://irkutsk.hh.ru/vacancy/44350010?query=data%20scien,hh.ru
183,Senior data science analytics,от 150 000 руб.,https://irkutsk.hh.ru/vacancy/45378636?query=data%20scien,hh.ru
184,Data Science (Consultant/Middle/Senior),,https://irkutsk.hh.ru/vacancy/45860634?query=data%20scien,hh.ru
185,Senior Data Scientist,от 500 000 KZT,https://irkutsk.hh.ru/vacancy/45767231?query=data%20scien,hh.ru
186,Data Scientist,до 250 000 руб.,https://irkutsk.hh.ru/vacancy/45191074?query=data%20scien,hh.ru
187,Junior аналитик данных,,https://irkutsk.hh.ru/vacancy/45963299?query=data%20scien,hh.ru
188,BI-аналитик,от 300 000 KZT,https://irkutsk.hh.ru/vacancy/45767593?query=data%20scien,hh.ru
189,Junior Quantitative Researcher,от 100 000 руб.,https://irkutsk.hh.ru/vacancy/44942169?query=data%20scien,hh.ru
190,"Data-science Intern/Analyst, Technology Group, Performance Improvement",,https://irkutsk.hh.ru/vacancy/45726835?query=data%20scien,hh.ru
191,Data Scientist / Аналитик Data Science,,https://irkutsk.hh.ru/vacancy/45062052?query=data%20scien,hh.ru
192,Senior Data Scientist (Recommender Systems),от 250 000 руб.,https://irkutsk.hh.ru/vacancy/40374266?query=data%20scien,hh.ru
193,Lead Quantitative Researcher,200 000 – 500 000 руб.,https://irkutsk.hh.ru/vacancy/45349239?query=data%20scien,hh.ru
194,Data Scientist,,https://irkutsk.hh.ru/vacancy/45959522?query=data%20scien,hh.ru
195,Data Scientist,,https://irkutsk.hh.ru/vacancy/45287557?query=data%20scien,hh.ru
196,Аналитик Data Science,,https://irkutsk.hh.ru/vacancy/45350928?query=data%20scien,hh.ru
197,Product Data Analyst,,https://irkutsk.hh.ru/vacancy/45566108?query=data%20scien,hh.ru
198,Data Scientist,,https://irkutsk.hh.ru/vacancy/45979603?query=data%20scien,hh.ru
199,Data Scientist,,https://irkutsk.hh.ru/vacancy/45932322?query=data%20scien,hh.ru
200,Junior Data Engineer,80 000 – 120 000 руб.,https://irkutsk.hh.ru/vacancy/45827027?query=data%20scien,hh.ru
201,Специалист Computer Vision (Senior Data Scientist),180 000 – 300 000 руб.,https://irkutsk.hh.ru/vacancy/45715303?query=data%20scien,hh.ru
202,Data Scientist,100 000 – 250 000 руб.,https://irkutsk.hh.ru/vacancy/44350010?query=data%20scien,hh.ru
203,Senior data science analytics,от 150 000 руб.,https://irkutsk.hh.ru/vacancy/45378636?query=data%20scien,hh.ru
204,Data Science (Consultant/Middle/Senior),,https://irkutsk.hh.ru/vacancy/45860634?query=data%20scien,hh.ru
205,Senior Data Scientist,от 500 000 KZT,https://irkutsk.hh.ru/vacancy/45767231?query=data%20scien,hh.ru
206,Data Scientist,до 250 000 руб.,https://irkutsk.hh.ru/vacancy/45191074?query=data%20scien,hh.ru
207,Junior аналитик данных,,https://irkutsk.hh.ru/vacancy/45963299?query=data%20scien,hh.ru
208,BI-аналитик,от 300 000 KZT,https://irkutsk.hh.ru/vacancy/45767593?query=data%20scien,hh.ru
209,Junior Quantitative Researcher,от 100 000 руб.,https://irkutsk.hh.ru/vacancy/44942169?query=data%20scien,hh.ru
210,"Data-science Intern/Analyst, Technology Group, Performance Improvement",,https://irkutsk.hh.ru/vacancy/45726835?query=data%20scien,hh.ru
211,Data Scientist / Аналитик Data Science,,https://irkutsk.hh.ru/vacancy/45062052?query=data%20scien,hh.ru
212,Senior Data Scientist (Recommender Systems),от 250 000 руб.,https://irkutsk.hh.ru/vacancy/40374266?query=data%20scien,hh.ru
213,Lead Quantitative Researcher,200 000 – 500 000 руб.,https://irkutsk.hh.ru/vacancy/45349239?query=data%20scien,hh.ru
214,Data Scientist,,https://irkutsk.hh.ru/vacancy/45959522?query=data%20scien,hh.ru
215,Data Scientist,,https://irkutsk.hh.ru/vacancy/45287557?query=data%20scien,hh.ru
216,Аналитик Data Science,,https://irkutsk.hh.ru/vacancy/45350928?query=data%20scien,hh.ru
217,Product Data Analyst,,https://irkutsk.hh.ru/vacancy/45566108?query=data%20scien,hh.ru
218,Data Scientist,,https://irkutsk.hh.ru/vacancy/45979603?query=data%20scien,hh.ru
219,Data Scientist,,https://irkutsk.hh.ru/vacancy/45932322?query=data%20scien,hh.ru
220,Junior Data Engineer,80 000 – 120 000 руб.,https://irkutsk.hh.ru/vacancy/45827027?query=data%20scien,hh.ru
221,Специалист Computer Vision (Senior Data Scientist),180 000 – 300 000 руб.,https://irkutsk.hh.ru/vacancy/45715303?query=data%20scien,hh.ru
222,Data Scientist,100 000 – 250 000 руб.,https://irkutsk.hh.ru/vacancy/44350010?query=data%20scien,hh.ru
223,Senior data science analytics,от 150 000 руб.,https://irkutsk.hh.ru/vacancy/45378636?query=data%20scien,hh.ru
224,Data Science (Consultant/Middle/Senior),,https://irkutsk.hh.ru/vacancy/45860634?query=data%20scien,hh.ru
225,Senior Data Scientist,от 500 000 KZT,https://irkutsk.hh.ru/vacancy/45767231?query=data%20scien,hh.ru
226,Data Scientist,до 250 000 руб.,https://irkutsk.hh.ru/vacancy/45191074?query=data%20scien,hh.ru
227,Junior аналитик данных,,https://irkutsk.hh.ru/vacancy/45963299?query=data%20scien,hh.ru
228,BI-аналитик,от 300 000 KZT,https://irkutsk.hh.ru/vacancy/45767593?query=data%20scien,hh.ru
229,Junior Quantitative Researcher,от 100 000 руб.,https://irkutsk.hh.ru/vacancy/44942169?query=data%20scien,hh.ru
230,"Data-science Intern/Analyst, Technology Group, Performance Improvement",,https://irkutsk.hh.ru/vacancy/45726835?query=data%20scien,hh.ru
231,Data Scientist / Аналитик Data Science,,https://irkutsk.hh.ru/vacancy/45062052?query=data%20scien,hh.ru
232,Senior Data Scientist (Recommender Systems),от 250 000 руб.,https://irkutsk.hh.ru/vacancy/40374266?query=data%20scien,hh.ru
233,Lead Quantitative Researcher,200 000 – 500 000 руб.,https://irkutsk.hh.ru/vacancy/45349239?query=data%20scien,hh.ru
234,Data Scientist,,https://irkutsk.hh.ru/vacancy/45959522?query=data%20scien,hh.ru
235,Data Scientist,,https://irkutsk.hh.ru/vacancy/45287557?query=data%20scien,hh.ru
236,Аналитик Data Science,,https://irkutsk.hh.ru/vacancy/45350928?query=data%20scien,hh.ru
237,Product Data Analyst,,https://irkutsk.hh.ru/vacancy/45566108?query=data%20scien,hh.ru
238,Data Scientist,,https://irkutsk.hh.ru/vacancy/45979603?query=data%20scien,hh.ru
239,Data Scientist,,https://irkutsk.hh.ru/vacancy/45932322?query=data%20scien,hh.ru
240,Junior Data Engineer,80 000 – 120 000 руб.,https://irkutsk.hh.ru/vacancy/45827027?query=data%20scien,hh.ru
241,Специалист Computer Vision (Senior Data Scientist),180 000 – 300 000 руб.,https://irkutsk.hh.ru/vacancy/45715303?query=data%20scien,hh.ru
242,Data Scientist,100 000 – 250 000 руб.,https://irkutsk.hh.ru/vacancy/44350010?query=data%20scien,hh.ru
243,Senior data science analytics,от 150 000 руб.,https://irkutsk.hh.ru/vacancy/45378636?query=data%20scien,hh.ru
244,Data Science (Consultant/Middle/Senior),,https://irkutsk.hh.ru/vacancy/45860634?query=data%20scien,hh.ru
245,Senior Data Scientist,от 500 000 KZT,https://irkutsk.hh.ru/vacancy/45767231?query=data%20scien,hh.ru
246,Data Scientist,до 250 000 руб.,https://irkutsk.hh.ru/vacancy/45191074?query=data%20scien,hh.ru
247,Junior аналитик данных,,https://irkutsk.hh.ru/vacancy/45963299?query=data%20scien,hh.ru
248,BI-аналитик,от 300 000 KZT,https://irkutsk.hh.ru/vacancy/45767593?query=data%20scien,hh.ru
249,Junior Quantitative Researcher,от 100 000 руб.,https://irkutsk.hh.ru/vacancy/44942169?query=data%20scien,hh.ru
250,"Data-science Intern/Analyst, Technology Group, Performance Improvement",,https://irkutsk.hh.ru/vacancy/45726835?query=data%20scien,hh.ru
251,Data Scientist / Аналитик Data Science,,https://irkutsk.hh.ru/vacancy/45062052?query=data%20scien,hh.ru
252,Senior Data Scientist (Recommender Systems),от 250 000 руб.,https://irkutsk.hh.ru/vacancy/40374266?query=data%20scien,hh.ru
253,Lead Quantitative Researcher,200 000 – 500 000 руб.,https://irkutsk.hh.ru/vacancy/45349239?query=data%20scien,hh.ru
254,Data Scientist,,https://irkutsk.hh.ru/vacancy/45959522?query=data%20scien,hh.ru
255,Data Scientist,,https://irkutsk.hh.ru/vacancy/45287557?query=data%20scien,hh.ru
256,Аналитик Data Science,,https://irkutsk.hh.ru/vacancy/45350928?query=data%20scien,hh.ru
257,Product Data Analyst,,https://irkutsk.hh.ru/vacancy/45566108?query=data%20scien,hh.ru
258,Data Scientist,,https://irkutsk.hh.ru/vacancy/45979603?query=data%20scien,hh.ru
259,Data Scientist,,https://irkutsk.hh.ru/vacancy/45932322?query=data%20scien,hh.ru
260,Junior Data Engineer,80 000 – 120 000 руб.,https://irkutsk.hh.ru/vacancy/45827027?query=data%20scien,hh.ru
261,Специалист Computer Vision (Senior Data Scientist),180 000 – 300 000 руб.,https://irkutsk.hh.ru/vacancy/45715303?query=data%20scien,hh.ru
262,Data Scientist,100 000 – 250 000 руб.,https://irkutsk.hh.ru/vacancy/44350010?query=data%20scien,hh.ru
263,Senior data science analytics,от 150 000 руб.,https://irkutsk.hh.ru/vacancy/45378636?query=data%20scien,hh.ru
264,Data Science (Consultant/Middle/Senior),,https://irkutsk.hh.ru/vacancy/45860634?query=data%20scien,hh.ru
265,Senior Data Scientist,от 500 000 KZT,https://irkutsk.hh.ru/vacancy/45767231?query=data%20scien,hh.ru
266,Data Scientist,до 250 000 руб.,https://irkutsk.hh.ru/vacancy/45191074?query=data%20scien,hh.ru
267,Junior аналитик данных,,https://irkutsk.hh.ru/vacancy/45963299?query=data%20scien,hh.ru
268,BI-аналитик,от 300 000 KZT,https://irkutsk.hh.ru/vacancy/45767593?query=data%20scien,hh.ru
269,Junior Quantitative Researcher,от 100 000 руб.,https://irkutsk.hh.ru/vacancy/44942169?query=data%20scien,hh.ru
270,"Data-science Intern/Analyst, Technology Group, Performance Improvement",,https://irkutsk.hh.ru/vacancy/45726835?query=data%20scien,hh.ru
271,Data Scientist / Аналитик Data Science,,https://irkutsk.hh.ru/vacancy/45062052?query=data%20scien,hh.ru
272,Senior Data Scientist (Recommender Systems),от 250 000 руб.,https://irkutsk.hh.ru/vacancy/40374266?query=data%20scien,hh.ru
273,Lead Quantitative Researcher,200 000 – 500 000 руб.,https://irkutsk.hh.ru/vacancy/45349239?query=data%20scien,hh.ru
274,Data Scientist,,https://irkutsk.hh.ru/vacancy/45959522?query=data%20scien,hh.ru
275,Data Scientist,,https://irkutsk.hh.ru/vacancy/45287557?query=data%20scien,hh.ru
276,Аналитик Data Science,,https://irkutsk.hh.ru/vacancy/45350928?query=data%20scien,hh.ru
277,Product Data Analyst,,https://irkutsk.hh.ru/vacancy/45566108?query=data%20scien,hh.ru
278,Data Scientist,,https://irkutsk.hh.ru/vacancy/45979603?query=data%20scien,hh.ru
279,Data Scientist,,https://irkutsk.hh.ru/vacancy/45932322?query=data%20scien,hh.ru
280,Junior Data Engineer,80 000 – 120 000 руб.,https://irkutsk.hh.ru/vacancy/45827027?query=data%20scien,hh.ru
281,Специалист Computer Vision (Senior Data Scientist),180 000 – 300 000 руб.,https://irkutsk.hh.ru/vacancy/45715303?query=data%20scien,hh.ru
282,Data Scientist,100 000 – 250 000 руб.,https://irkutsk.hh.ru/vacancy/44350010?query=data%20scien,hh.ru
283,Senior data science analytics,от 150 000 руб.,https://irkutsk.hh.ru/vacancy/45378636?query=data%20scien,hh.ru
284,Data Science (Consultant/Middle/Senior),,https://irkutsk.hh.ru/vacancy/45860634?query=data%20scien,hh.ru
285,Senior Data Scientist,от 500 000 KZT,https://irkutsk.hh.ru/vacancy/45767231?query=data%20scien,hh.ru
286,Data Scientist,до 250 000 руб.,https://irkutsk.hh.ru/vacancy/45191074?query=data%20scien,hh.ru
287,Junior аналитик данных,,https://irkutsk.hh.ru/vacancy/45963299?query=data%20scien,hh.ru
288,BI-аналитик,от 300 000 KZT,https://irkutsk.hh.ru/vacancy/45767593?query=data%20scien,hh.ru
289,Junior Quantitative Researcher,от 100 000 руб.,https://irkutsk.hh.ru/vacancy/44942169?query=data%20scien,hh.ru
290,"Data-science Intern/Analyst, Technology Group, Performance Improvement",,https://irkutsk.hh.ru/vacancy/45726835?query=data%20scien,hh.ru
291,Data Scientist / Аналитик Data Science,,https://irkutsk.hh.ru/vacancy/45062052?query=data%20scien,hh.ru
292,Senior Data Scientist (Recommender Systems),от 250 000 руб.,https://irkutsk.hh.ru/vacancy/40374266?query=data%20scien,hh.ru
293,Lead Quantitative Researcher,200 000 – 500 000 руб.,https://irkutsk.hh.ru/vacancy/45349239?query=data%20scien,hh.ru
294,Data Scientist,,https://irkutsk.hh.ru/vacancy/45959522?query=data%20scien,hh.ru
295,Data Scientist,,https://irkutsk.hh.ru/vacancy/45287557?query=data%20scien,hh.ru
296,Аналитик Data Science,,https://irkutsk.hh.ru/vacancy/45350928?query=data%20scien,hh.ru
297,Product Data Analyst,,https://irkutsk.hh.ru/vacancy/45566108?query=data%20scien,hh.ru
298,Data Scientist,,https://irkutsk.hh.ru/vacancy/45979603?query=data%20scien,hh.ru
299,Data Scientist,,https://irkutsk.hh.ru/vacancy/45932322?query=data%20scien,hh.ru
300,Junior Data Engineer,80 000 – 120 000 руб.,https://irkutsk.hh.ru/vacancy/45827027?query=data%20scien,hh.ru
301,Специалист Computer Vision (Senior Data Scientist),180 000 – 300 000 руб.,https://irkutsk.hh.ru/vacancy/45715303?query=data%20scien,hh.ru
302,Data Scientist,100 000 – 250 000 руб.,https://irkutsk.hh.ru/vacancy/44350010?query=data%20scien,hh.ru
303,Senior data science analytics,от 150 000 руб.,https://irkutsk.hh.ru/vacancy/45378636?query=data%20scien,hh.ru
304,Data Science (Consultant/Middle/Senior),,https://irkutsk.hh.ru/vacancy/45860634?query=data%20scien,hh.ru
305,Senior Data Scientist,от 500 000 KZT,https://irkutsk.hh.ru/vacancy/45767231?query=data%20scien,hh.ru
306,Data Scientist,до 250 000 руб.,https://irkutsk.hh.ru/vacancy/45191074?query=data%20scien,hh.ru
307,Junior аналитик данных,,https://irkutsk.hh.ru/vacancy/45963299?query=data%20scien,hh.ru
308,BI-аналитик,от 300 000 KZT,https://irkutsk.hh.ru/vacancy/45767593?query=data%20scien,hh.ru
309,Junior Quantitative Researcher,от 100 000 руб.,https://irkutsk.hh.ru/vacancy/44942169?query=data%20scien,hh.ru
310,"Data-science Intern/Analyst, Technology Group, Performance Improvement",,https://irkutsk.hh.ru/vacancy/45726835?query=data%20scien,hh.ru
311,Data Scientist / Аналитик Data Science,,https://irkutsk.hh.ru/vacancy/45062052?query=data%20scien,hh.ru
312,Senior Data Scientist (Recommender Systems),от 250 000 руб.,https://irkutsk.hh.ru/vacancy/40374266?query=data%20scien,hh.ru
313,Lead Quantitative Researcher,200 000 – 500 000 руб.,https://irkutsk.hh.ru/vacancy/45349239?query=data%20scien,hh.ru
314,Data Scientist,,https://irkutsk.hh.ru/vacancy/45959522?query=data%20scien,hh.ru
315,Data Scientist,,https://irkutsk.hh.ru/vacancy/45287557?query=data%20scien,hh.ru
316,Аналитик Data Science,,https://irkutsk.hh.ru/vacancy/45350928?query=data%20scien,hh.ru
317,Product Data Analyst,,https://irkutsk.hh.ru/vacancy/45566108?query=data%20scien,hh.ru
318,Data Scientist,,https://irkutsk.hh.ru/vacancy/45979603?query=data%20scien,hh.ru
319,Data Scientist,,https://irkutsk.hh.ru/vacancy/45932322?query=data%20scien,hh.ru
320,Junior Data Engineer,80 000 – 120 000 руб.,https://irkutsk.hh.ru/vacancy/45827027?query=data%20scien,hh.ru
321,Специалист Computer Vision (Senior Data Scientist),180 000 – 300 000 руб.,https://irkutsk.hh.ru/vacancy/45715303?query=data%20scien,hh.ru
322,Data Scientist,100 000 – 250 000 руб.,https://irkutsk.hh.ru/vacancy/44350010?query=data%20scien,hh.ru
323,Senior data science analytics,от 150 000 руб.,https://irkutsk.hh.ru/vacancy/45378636?query=data%20scien,hh.ru
324,Data Science (Consultant/Middle/Senior),,https://irkutsk.hh.ru/vacancy/45860634?query=data%20scien,hh.ru
325,Senior Data Scientist,от 500 000 KZT,https://irkutsk.hh.ru/vacancy/45767231?query=data%20scien,hh.ru
326,Data Scientist,до 250 000 руб.,https://irkutsk.hh.ru/vacancy/45191074?query=data%20scien,hh.ru
327,Junior аналитик данных,,https://irkutsk.hh.ru/vacancy/45963299?query=data%20scien,hh.ru
328,BI-аналитик,от 300 000 KZT,https://irkutsk.hh.ru/vacancy/45767593?query=data%20scien,hh.ru
329,Junior Quantitative Researcher,от 100 000 руб.,https://irkutsk.hh.ru/vacancy/44942169?query=data%20scien,hh.ru
330,"Data-science Intern/Analyst, Technology Group, Performance Improvement",,https://irkutsk.hh.ru/vacancy/45726835?query=data%20scien,hh.ru
331,Data Scientist / Аналитик Data Science,,https://irkutsk.hh.ru/vacancy/45062052?query=data%20scien,hh.ru
332,Senior Data Scientist (Recommender Systems),от 250 000 руб.,https://irkutsk.hh.ru/vacancy/40374266?query=data%20scien,hh.ru
333,Lead Quantitative Researcher,200 000 – 500 000 руб.,https://irkutsk.hh.ru/vacancy/45349239?query=data%20scien,hh.ru
334,Data Scientist,,https://irkutsk.hh.ru/vacancy/45959522?query=data%20scien,hh.ru
335,Data Scientist,,https://irkutsk.hh.ru/vacancy/45287557?query=data%20scien,hh.ru
336,Аналитик Data Science,,https://irkutsk.hh.ru/vacancy/45350928?query=data%20scien,hh.ru
337,Product Data Analyst,,https://irkutsk.hh.ru/vacancy/45566108?query=data%20scien,hh.ru
338,Data Scientist,,https://irkutsk.hh.ru/vacancy/45979603?query=data%20scien,hh.ru
339,Data Scientist,,https://irkutsk.hh.ru/vacancy/45932322?query=data%20scien,hh.ru
340,Junior Data Engineer,80 000 – 120 000 руб.,https://irkutsk.hh.ru/vacancy/45827027?query=data%20scien,hh.ru
341,Специалист Computer Vision (Senior Data Scientist),180 000 – 300 000 руб.,https://irkutsk.hh.ru/vacancy/45715303?query=data%20scien,hh.ru
342,Data Scientist,100 000 – 250 000 руб.,https://irkutsk.hh.ru/vacancy/44350010?query=data%20scien,hh.ru
343,Senior data science analytics,от 150 000 руб.,https://irkutsk.hh.ru/vacancy/45378636?query=data%20scien,hh.ru
344,Data Science (Consultant/Middle/Senior),,https://irkutsk.hh.ru/vacancy/45860634?query=data%20scien,hh.ru
345,Senior Data Scientist,от 500 000 KZT,https://irkutsk.hh.ru/vacancy/45767231?query=data%20scien,hh.ru
346,Data Scientist,до 250 000 руб.,https://irkutsk.hh.ru/vacancy/45191074?query=data%20scien,hh.ru
347,Junior аналитик данных,,https://irkutsk.hh.ru/vacancy/45963299?query=data%20scien,hh.ru
348,BI-аналитик,от 300 000 KZT,https://irkutsk.hh.ru/vacancy/45767593?query=data%20scien,hh.ru
349,Junior Quantitative Researcher,от 100 000 руб.,https://irkutsk.hh.ru/vacancy/44942169?query=data%20scien,hh.ru
350,"Data-science Intern/Analyst, Technology Group, Performance Improvement",,https://irkutsk.hh.ru/vacancy/45726835?query=data%20scien,hh.ru
351,Data Scientist / Аналитик Data Science,,https://irkutsk.hh.ru/vacancy/45062052?query=data%20scien,hh.ru
352,Senior Data Scientist (Recommender Systems),от 250 000 руб.,https://irkutsk.hh.ru/vacancy/40374266?query=data%20scien,hh.ru
353,Lead Quantitative Researcher,200 000 – 500 000 руб.,https://irkutsk.hh.ru/vacancy/45349239?query=data%20scien,hh.ru
354,Data Scientist,,https://irkutsk.hh.ru/vacancy/45959522?query=data%20scien,hh.ru
355,Data Scientist,,https://irkutsk.hh.ru/vacancy/45287557?query=data%20scien,hh.ru
356,Аналитик Data Science,,https://irkutsk.hh.ru/vacancy/45350928?query=data%20scien,hh.ru
357,Product Data Analyst,,https://irkutsk.hh.ru/vacancy/45566108?query=data%20scien,hh.ru
358,Data Scientist,,https://irkutsk.hh.ru/vacancy/45979603?query=data%20scien,hh.ru
359,Data Scientist,,https://irkutsk.hh.ru/vacancy/45932322?query=data%20scien,hh.ru
360,Junior Data Engineer,80 000 – 120 000 руб.,https://irkutsk.hh.ru/vacancy/45827027?query=data%20scien,hh.ru
361,Специалист Computer Vision (Senior Data Scientist),180 000 – 300 000 руб.,https://irkutsk.hh.ru/vacancy/45715303?query=data%20scien,hh.ru
362,Data Scientist,100 000 – 250 000 руб.,https://irkutsk.hh.ru/vacancy/44350010?query=data%20scien,hh.ru
363,Senior data science analytics,от 150 000 руб.,https://irkutsk.hh.ru/vacancy/45378636?query=data%20scien,hh.ru
364,Data Science (Consultant/Middle/Senior),,https://irkutsk.hh.ru/vacancy/45860634?query=data%20scien,hh.ru
365,Senior Data Scientist,от 500 000 KZT,https://irkutsk.hh.ru/vacancy/45767231?query=data%20scien,hh.ru
366,Data Scientist,до 250 000 руб.,https://irkutsk.hh.ru/vacancy/45191074?query=data%20scien,hh.ru
367,Junior аналитик данных,,https://irkutsk.hh.ru/vacancy/45963299?query=data%20scien,hh.ru
368,BI-аналитик,от 300 000 KZT,https://irkutsk.hh.ru/vacancy/45767593?query=data%20scien,hh.ru
369,Junior Quantitative Researcher,от 100 000 руб.,https://irkutsk.hh.ru/vacancy/44942169?query=data%20scien,hh.ru
370,"Data-science Intern/Analyst, Technology Group, Performance Improvement",,https://irkutsk.hh.ru/vacancy/45726835?query=data%20scien,hh.ru
371,Data Scientist / Аналитик Data Science,,https://irkutsk.hh.ru/vacancy/45062052?query=data%20scien,hh.ru
372,Senior Data Scientist (Recommender Systems),от 250 000 руб.,https://irkutsk.hh.ru/vacancy/40374266?query=data%20scien,hh.ru
373,Lead Quantitative Researcher,200 000 – 500 000 руб.,https://irkutsk.hh.ru/vacancy/45349239?query=data%20scien,hh.ru
374,Data Scientist,,https://irkutsk.hh.ru/vacancy/45959522?query=data%20scien,hh.ru
375,Data Scientist,,https://irkutsk.hh.ru/vacancy/45287557?query=data%20scien,hh.ru
376,Аналитик Data Science,,https://irkutsk.hh.ru/vacancy/45350928?query=data%20scien,hh.ru
377,Product Data Analyst,,https://irkutsk.hh.ru/vacancy/45566108?query=data%20scien,hh.ru
378,Data Scientist,,https://irkutsk.hh.ru/vacancy/45979603?query=data%20scien,hh.ru
379,Data Scientist,,https://irkutsk.hh.ru/vacancy/45932322?query=data%20scien,hh.ru
380,Junior Data Engineer,80 000 – 120 000 руб.,https://irkutsk.hh.ru/vacancy/45827027?query=data%20scien,hh.ru
381,Специалист Computer Vision (Senior Data Scientist),180 000 – 300 000 руб.,https://irkutsk.hh.ru/vacancy/45715303?query=data%20scien,hh.ru
382,Data Scientist,100 000 – 250 000 руб.,https://irkutsk.hh.ru/vacancy/44350010?query=data%20scien,hh.ru
383,Senior data science analytics,от 150 000 руб.,https://irkutsk.hh.ru/vacancy/45378636?query=data%20scien,hh.ru
384,Data Science (Consultant/Middle/Senior),,https://irkutsk.hh.ru/vacancy/45860634?query=data%20scien,hh.ru
385,Senior Data Scientist,от 500 000 KZT,https://irkutsk.hh.ru/vacancy/45767231?query=data%20scien,hh.ru
386,Data Scientist,до 250 000 руб.,https://irkutsk.hh.ru/vacancy/45191074?query=data%20scien,hh.ru
387,Junior аналитик данных,,https://irkutsk.hh.ru/vacancy/45963299?query=data%20scien,hh.ru
388,BI-аналитик,от 300 000 KZT,https://irkutsk.hh.ru/vacancy/45767593?query=data%20scien,hh.ru
389,Junior Quantitative Researcher,от 100 000 руб.,https://irkutsk.hh.ru/vacancy/44942169?query=data%20scien,hh.ru
390,"Data-science Intern/Analyst, Technology Group, Performance Improvement",,https://irkutsk.hh.ru/vacancy/45726835?query=data%20scien,hh.ru
391,Data Scientist / Аналитик Data Science,,https://irkutsk.hh.ru/vacancy/45062052?query=data%20scien,hh.ru
392,Senior Data Scientist (Recommender Systems),от 250 000 руб.,https://irkutsk.hh.ru/vacancy/40374266?query=data%20scien,hh.ru
393,Lead Quantitative Researcher,200 000 – 500 000 руб.,https://irkutsk.hh.ru/vacancy/45349239?query=data%20scien,hh.ru
394,Data Scientist,,https://irkutsk.hh.ru/vacancy/45959522?query=data%20scien,hh.ru
395,Data Scientist,,https://irkutsk.hh.ru/vacancy/45287557?query=data%20scien,hh.ru
396,Аналитик Data Science,,https://irkutsk.hh.ru/vacancy/45350928?query=data%20scien,hh.ru
397,Product Data Analyst,,https://irkutsk.hh.ru/vacancy/45566108?query=data%20scien,hh.ru
398,Data Scientist,,https://irkutsk.hh.ru/vacancy/45979603?query=data%20scien,hh.ru
399,Data Scientist,,https://irkutsk.hh.ru/vacancy/45932322?query=data%20scien,hh.ru
400,Junior Data Engineer,80 000 – 120 000 руб.,https://irkutsk.hh.ru/vacancy/45827027?query=data%20scien,hh.ru
401,Специалист Computer Vision (Senior Data Scientist),180 000 – 300 000 руб.,https://irkutsk.hh.ru/vacancy/45715303?query=data%20scien,hh.ru
402,Data Scientist,100 000 – 250 000 руб.,https://irkutsk.hh.ru/vacancy/44350010?query=data%20scien,hh.ru
403,Senior data science analytics,от 150 000 руб.,https://irkutsk.hh.ru/vacancy/45378636?query=data%20scien,hh.ru
404,Data Science (Consultant/Middle/Senior),,https://irkutsk.hh.ru/vacancy/45860634?query=data%20scien,hh.ru
405,Senior Data Scientist,от 500 000 KZT,https://irkutsk.hh.ru/vacancy/45767231?query=data%20scien,hh.ru
406,Data Scientist,до 250 000 руб.,https://irkutsk.hh.ru/vacancy/45191074?query=data%20scien,hh.ru
407,Junior аналитик данных,,https://irkutsk.hh.ru/vacancy/45963299?query=data%20scien,hh.ru
408,BI-аналитик,от 300 000 KZT,https://irkutsk.hh.ru/vacancy/45767593?query=data%20scien,hh.ru
409,Junior Quantitative Researcher,от 100 000 руб.,https://irkutsk.hh.ru/vacancy/44942169?query=data%20scien,hh.ru
410,"Data-science Intern/Analyst, Technology Group, Performance Improvement",,https://irkutsk.hh.ru/vacancy/45726835?query=data%20scien,hh.ru
411,Data Scientist / Аналитик Data Science,,https://irkutsk.hh.ru/vacancy/45062052?query=data%20scien,hh.ru
412,Senior Data Scientist (Recommender Systems),от 250 000 руб.,https://irkutsk.hh.ru/vacancy/40374266?query=data%20scien,hh.ru
413,Lead Quantitative Researcher,200 000 – 500 000 руб.,https://irkutsk.hh.ru/vacancy/45349239?query=data%20scien,hh.ru
414,Data Scientist,,https://irkutsk.hh.ru/vacancy/45959522?query=data%20scien,hh.ru
415,Data Scientist,,https://irkutsk.hh.ru/vacancy/45287557?query=data%20scien,hh.ru
416,Аналитик Data Science,,https://irkutsk.hh.ru/vacancy/45350928?query=data%20scien,hh.ru
417,Product Data Analyst,,https://irkutsk.hh.ru/vacancy/45566108?query=data%20scien,hh.ru
418,Data Scientist,,https://irkutsk.hh.ru/vacancy/45979603?query=data%20scien,hh.ru
419,Data Scientist,,https://irkutsk.hh.ru/vacancy/45932322?query=data%20scien,hh.ru
420,Junior Data Engineer,80 000 – 120 000 руб.,https://irkutsk.hh.ru/vacancy/45827027?query=data%20scien,hh.ru
421,Специалист Computer Vision (Senior Data Scientist),180 000 – 300 000 руб.,https://irkutsk.hh.ru/vacancy/45715303?query=data%20scien,hh.ru
422,Data Scientist,100 000 – 250 000 руб.,https://irkutsk.hh.ru/vacancy/44350010?query=data%20scien,hh.ru
423,Senior data science analytics,от 150 000 руб.,https://irkutsk.hh.ru/vacancy/45378636?query=data%20scien,hh.ru
424,Data Science (Consultant/Middle/Senior),,https://irkutsk.hh.ru/vacancy/45860634?query=data%20scien,hh.ru
425,Senior Data Scientist,от 500 000 KZT,https://irkutsk.hh.ru/vacancy/45767231?query=data%20scien,hh.ru
426,Data Scientist,до 250 000 руб.,https://irkutsk.hh.ru/vacancy/45191074?query=data%20scien,hh.ru
427,Junior аналитик данных,,https://irkutsk.hh.ru/vacancy/45963299?query=data%20scien,hh.ru
428,BI-аналитик,от 300 000 KZT,https://irkutsk.hh.ru/vacancy/45767593?query=data%20scien,hh.ru
429,Junior Quantitative Researcher,от 100 000 руб.,https://irkutsk.hh.ru/vacancy/44942169?query=data%20scien,hh.ru
430,"Data-science Intern/Analyst, Technology Group, Performance Improvement",,https://irkutsk.hh.ru/vacancy/45726835?query=data%20scien,hh.ru
431,Data Scientist / Аналитик Data Science,,https://irkutsk.hh.ru/vacancy/45062052?query=data%20scien,hh.ru
432,Senior Data Scientist (Recommender Systems),от 250 000 руб.,https://irkutsk.hh.ru/vacancy/40374266?query=data%20scien,hh.ru
433,Lead Quantitative Researcher,200 000 – 500 000 руб.,https://irkutsk.hh.ru/vacancy/45349239?query=data%20scien,hh.ru
434,Data Scientist,,https://irkutsk.hh.ru/vacancy/45959522?query=data%20scien,hh.ru
435,Data Scientist,,https://irkutsk.hh.ru/vacancy/45287557?query=data%20scien,hh.ru
436,Аналитик Data Science,,https://irkutsk.hh.ru/vacancy/45350928?query=data%20scien,hh.ru
437,Product Data Analyst,,https://irkutsk.hh.ru/vacancy/45566108?query=data%20scien,hh.ru
438,Data Scientist,,https://irkutsk.hh.ru/vacancy/45979603?query=data%20scien,hh.ru
439,Data Scientist,,https://irkutsk.hh.ru/vacancy/45932322?query=data%20scien,hh.ru
440,Junior Data Engineer,80 000 – 120 000 руб.,https://irkutsk.hh.ru/vacancy/45827027?query=data%20scien,hh.ru
441,Специалист Computer Vision (Senior Data Scientist),180 000 – 300 000 руб.,https://irkutsk.hh.ru/vacancy/45715303?query=data%20scien,hh.ru
442,Data Scientist,100 000 – 250 000 руб.,https://irkutsk.hh.ru/vacancy/44350010?query=data%20scien,hh.ru
443,Senior data science analytics,от 150 000 руб.,https://irkutsk.hh.ru/vacancy/45378636?query=data%20scien,hh.ru
444,Data Science (Consultant/Middle/Senior),,https://irkutsk.hh.ru/vacancy/45860634?query=data%20scien,hh.ru
445,Senior Data Scientist,от 500 000 KZT,https://irkutsk.hh.ru/vacancy/45767231?query=data%20scien,hh.ru
446,Data Scientist,до 250 000 руб.,https://irkutsk.hh.ru/vacancy/45191074?query=data%20scien,hh.ru
447,Junior аналитик данных,,https://irkutsk.hh.ru/vacancy/45963299?query=data%20scien,hh.ru
448,BI-аналитик,от 300 000 KZT,https://irkutsk.hh.ru/vacancy/45767593?query=data%20scien,hh.ru
449,Junior Quantitative Researcher,от 100 000 руб.,https://irkutsk.hh.ru/vacancy/44942169?query=data%20scien,hh.ru
450,"Data-science Intern/Analyst, Technology Group, Performance Improvement",,https://irkutsk.hh.ru/vacancy/45726835?query=data%20scien,hh.ru
451,Data Scientist / Аналитик Data Science,,https://irkutsk.hh.ru/vacancy/45062052?query=data%20scien,hh.ru
452,Senior Data Scientist (Recommender Systems),от 250 000 руб.,https://irkutsk.hh.ru/vacancy/40374266?query=data%20scien,hh.ru
453,Lead Quantitative Researcher,200 000 – 500 000 руб.,https://irkutsk.hh.ru/vacancy/45349239?query=data%20scien,hh.ru
454,Data Scientist,,https://irkutsk.hh.ru/vacancy/45959522?query=data%20scien,hh.ru
455,Data Scientist,,https://irkutsk.hh.ru/vacancy/45287557?query=data%20scien,hh.ru
456,Аналитик Data Science,,https://irkutsk.hh.ru/vacancy/45350928?query=data%20scien,hh.ru
457,Product Data Analyst,,https://irkutsk.hh.ru/vacancy/45566108?query=data%20scien,hh.ru
458,Data Scientist,,https://irkutsk.hh.ru/vacancy/45979603?query=data%20scien,hh.ru
459,Data Scientist,,https://irkutsk.hh.ru/vacancy/45932322?query=data%20scien,hh.ru
460,Junior Data Engineer,80 000 – 120 000 руб.,https://irkutsk.hh.ru/vacancy/45827027?query=data%20scien,hh.ru
461,Специалист Computer Vision (Senior Data Scientist),180 000 – 300 000 руб.,https://irkutsk.hh.ru/vacancy/45715303?query=data%20scien,hh.ru
462,Data Scientist,100 000 – 250 000 руб.,https://irkutsk.hh.ru/vacancy/44350010?query=data%20scien,hh.ru
463,Senior data science analytics,от 150 000 руб.,https://irkutsk.hh.ru/vacancy/45378636?query=data%20scien,hh.ru
464,Data Science (Consultant/Middle/Senior),,https://irkutsk.hh.ru/vacancy/45860634?query=data%20scien,hh.ru
465,Senior Data Scientist,от 500 000 KZT,https://irkutsk.hh.ru/vacancy/45767231?query=data%20scien,hh.ru
466,Data Scientist,до 250 000 руб.,https://irkutsk.hh.ru/vacancy/45191074?query=data%20scien,hh.ru
467,Junior аналитик данных,,https://irkutsk.hh.ru/vacancy/45963299?query=data%20scien,hh.ru
468,BI-аналитик,от 300 000 KZT,https://irkutsk.hh.ru/vacancy/45767593?query=data%20scien,hh.ru
469,Junior Quantitative Researcher,от 100 000 руб.,https://irkutsk.hh.ru/vacancy/44942169?query=data%20scien,hh.ru
470,"Data-science Intern/Analyst, Technology Group, Performance Improvement",,https://irkutsk.hh.ru/vacancy/45726835?query=data%20scien,hh.ru
471,Data Scientist / Аналитик Data Science,,https://irkutsk.hh.ru/vacancy/45062052?query=data%20scien,hh.ru
472,Senior Data Scientist (Recommender Systems),от 250 000 руб.,https://irkutsk.hh.ru/vacancy/40374266?query=data%20scien,hh.ru
473,Lead Quantitative Researcher,200 000 – 500 000 руб.,https://irkutsk.hh.ru/vacancy/45349239?query=data%20scien,hh.ru
474,Data Scientist,,https://irkutsk.hh.ru/vacancy/45959522?query=data%20scien,hh.ru
475,Data Scientist,,https://irkutsk.hh.ru/vacancy/45287557?query=data%20scien,hh.ru
476,Аналитик Data Science,,https://irkutsk.hh.ru/vacancy/45350928?query=data%20scien,hh.ru
477,Product Data Analyst,,https://irkutsk.hh.ru/vacancy/45566108?query=data%20scien,hh.ru
478,Data Scientist,,https://irkutsk.hh.ru/vacancy/45979603?query=data%20scien,hh.ru
479,Data Scientist,,https://irkutsk.hh.ru/vacancy/45932322?query=data%20scien,hh.ru
480,Junior Data Engineer,80 000 – 120 000 руб.,https://irkutsk.hh.ru/vacancy/45827027?query=data%20scien,hh.ru
481,Специалист Computer Vision (Senior Data Scientist),180 000 – 300 000 руб.,https://irkutsk.hh.ru/vacancy/45715303?query=data%20scien,hh.ru
482,Data Scientist,100 000 – 250 000 руб.,https://irkutsk.hh.ru/vacancy/44350010?query=data%20scien,hh.ru
483,Senior data science analytics,от 150 000 руб.,https://irkutsk.hh.ru/vacancy/45378636?query=data%20scien,hh.ru
484,Data Science (Consultant/Middle/Senior),,https://irkutsk.hh.ru/vacancy/45860634?query=data%20scien,hh.ru
485,Senior Data Scientist,от 500 000 KZT,https://irkutsk.hh.ru/vacancy/45767231?query=data%20scien,hh.ru
486,Data Scientist,до 250 000 руб.,https://irkutsk.hh.ru/vacancy/45191074?query=data%20scien,hh.ru
487,Junior аналитик данных,,https://irkutsk.hh.ru/vacancy/45963299?query=data%20scien,hh.ru
488,BI-аналитик,от 300 000 KZT,https://irkutsk.hh.ru/vacancy/45767593?query=data%20scien,hh.ru
489,Junior Quantitative Researcher,от 100 000 руб.,https://irkutsk.hh.ru/vacancy/44942169?query=data%20scien,hh.ru
490,"Data-science Intern/Analyst, Technology Group, Performance Improvement",,https://irkutsk.hh.ru/vacancy/45726835?query=data%20scien,hh.ru
491,Data Scientist / Аналитик Data Science,,https://irkutsk.hh.ru/vacancy/45062052?query=data%20scien,hh.ru
492,Senior Data Scientist (Recommender Systems),от 250 000 руб.,https://irkutsk.hh.ru/vacancy/40374266?query=data%20scien,hh.ru
493,Lead Quantitative Researcher,200 000 – 500 000 руб.,https://irkutsk.hh.ru/vacancy/45349239?query=data%20scien,hh.ru
494,Data Scientist,,https://irkutsk.hh.ru/vacancy/45959522?query=data%20scien,hh.ru
495,Data Scientist,,https://irkutsk.hh.ru/vacancy/45287557?query=data%20scien,hh.ru
496,Аналитик Data Science,,https://irkutsk.hh.ru/vacancy/45350928?query=data%20scien,hh.ru
497,Product Data Analyst,,https://irkutsk.hh.ru/vacancy/45566108?query=data%20scien,hh.ru
498,Data Scientist,,https://irkutsk.hh.ru/vacancy/45979603?query=data%20scien,hh.ru
499,Data Scientist,,https://irkutsk.hh.ru/vacancy/45932322?query=data%20scien,hh.ru
500,Junior Data Engineer,80 000 – 120 000 руб.,https://irkutsk.hh.ru/vacancy/45827027?query=data%20scien,hh.ru
501,Специалист Computer Vision (Senior Data Scientist),180 000 – 300 000 руб.,https://irkutsk.hh.ru/vacancy/45715303?query=data%20scien,hh.ru
502,Data Scientist,100 000 – 250 000 руб.,https://irkutsk.hh.ru/vacancy/44350010?query=data%20scien,hh.ru
503,Senior data science analytics,от 150 000 руб.,https://irkutsk.hh.ru/vacancy/45378636?query=data%20scien,hh.ru
504,Data Science (Consultant/Middle/Senior),,https://irkutsk.hh.ru/vacancy/45860634?query=data%20scien,hh.ru
505,Senior Data Scientist,от 500 000 KZT,https://irkutsk.hh.ru/vacancy/45767231?query=data%20scien,hh.ru
506,Data Scientist,до 250 000 руб.,https://irkutsk.hh.ru/vacancy/45191074?query=data%20scien,hh.ru
507,Junior аналитик данных,,https://irkutsk.hh.ru/vacancy/45963299?query=data%20scien,hh.ru
508,BI-аналитик,от 300 000 KZT,https://irkutsk.hh.ru/vacancy/45767593?query=data%20scien,hh.ru
509,Junior Quantitative Researcher,от 100 000 руб.,https://irkutsk.hh.ru/vacancy/44942169?query=data%20scien,hh.ru
510,"Data-science Intern/Analyst, Technology Group, Performance Improvement",,https://irkutsk.hh.ru/vacancy/45726835?query=data%20scien,hh.ru
511,Data Scientist / Аналитик Data Science,,https://irkutsk.hh.ru/vacancy/45062052?query=data%20scien,hh.ru
512,Senior Data Scientist (Recommender Systems),от 250 000 руб.,https://irkutsk.hh.ru/vacancy/40374266?query=data%20scien,hh.ru
513,Lead Quantitative Researcher,200 000 – 500 000 руб.,https://irkutsk.hh.ru/vacancy/45349239?query=data%20scien,hh.ru
514,Data Scientist,,https://irkutsk.hh.ru/vacancy/45959522?query=data%20scien,hh.ru
515,Data Scientist,,https://irkutsk.hh.ru/vacancy/45287557?query=data%20scien,hh.ru
516,Аналитик Data Science,,https://irkutsk.hh.ru/vacancy/45350928?query=data%20scien,hh.ru
517,Product Data Analyst,,https://irkutsk.hh.ru/vacancy/45566108?query=data%20scien,hh.ru
518,Data Scientist,,https://irkutsk.hh.ru/vacancy/45979603?query=data%20scien,hh.ru
519,Data Scientist,,https://irkutsk.hh.ru/vacancy/45932322?query=data%20scien,hh.ru
520,Junior Data Engineer,80 000 – 120 000 руб.,https://irkutsk.hh.ru/vacancy/45827027?query=data%20scien,hh.ru
521,Специалист Computer Vision (Senior Data Scientist),180 000 – 300 000 руб.,https://irkutsk.hh.ru/vacancy/45715303?query=data%20scien,hh.ru
522,Data Scientist,100 000 – 250 000 руб.,https://irkutsk.hh.ru/vacancy/44350010?query=data%20scien,hh.ru
523,Senior data science analytics,от 150 000 руб.,https://irkutsk.hh.ru/vacancy/45378636?query=data%20scien,hh.ru
524,Data Science (Consultant/Middle/Senior),,https://irkutsk.hh.ru/vacancy/45860634?query=data%20scien,hh.ru
525,Senior Data Scientist,от 500 000 KZT,https://irkutsk.hh.ru/vacancy/45767231?query=data%20scien,hh.ru
526,Data Scientist,до 250 000 руб.,https://irkutsk.hh.ru/vacancy/45191074?query=data%20scien,hh.ru
527,Junior аналитик данных,,https://irkutsk.hh.ru/vacancy/45963299?query=data%20scien,hh.ru
528,BI-аналитик,от 300 000 KZT,https://irkutsk.hh.ru/vacancy/45767593?query=data%20scien,hh.ru
529,Junior Quantitative Researcher,от 100 000 руб.,https://irkutsk.hh.ru/vacancy/44942169?query=data%20scien,hh.ru
530,"Data-science Intern/Analyst, Technology Group, Performance Improvement",,https://irkutsk.hh.ru/vacancy/45726835?query=data%20scien,hh.ru
531,Data Scientist / Аналитик Data Science,,https://irkutsk.hh.ru/vacancy/45062052?query=data%20scien,hh.ru
532,Senior Data Scientist (Recommender Systems),от 250 000 руб.,https://irkutsk.hh.ru/vacancy/40374266?query=data%20scien,hh.ru
533,Lead Quantitative Researcher,200 000 – 500 000 руб.,https://irkutsk.hh.ru/vacancy/45349239?query=data%20scien,hh.ru
534,Data Scientist,,https://irkutsk.hh.ru/vacancy/45959522?query=data%20scien,hh.ru
535,Data Scientist,,https://irkutsk.hh.ru/vacancy/45287557?query=data%20scien,hh.ru
536,Аналитик Data Science,,https://irkutsk.hh.ru/vacancy/45350928?query=data%20scien,hh.ru
537,Product Data Analyst,,https://irkutsk.hh.ru/vacancy/45566108?query=data%20scien,hh.ru
538,Data Scientist,,https://irkutsk.hh.ru/vacancy/45979603?query=data%20scien,hh.ru
539,Data Scientist,,https://irkutsk.hh.ru/vacancy/45932322?query=data%20scien,hh.ru
540,Junior Data Engineer,80 000 – 120 000 руб.,https://irkutsk.hh.ru/vacancy/45827027?query=data%20scien,hh.ru
541,Специалист Computer Vision (Senior Data Scientist),180 000 – 300 000 руб.,https://irkutsk.hh.ru/vacancy/45715303?query=data%20scien,hh.ru
542,Data Scientist,100 000 – 250 000 руб.,https://irkutsk.hh.ru/vacancy/44350010?query=data%20scien,hh.ru
543,Senior data science analytics,от 150 000 руб.,https://irkutsk.hh.ru/vacancy/45378636?query=data%20scien,hh.ru
544,Data Science (Consultant/Middle/Senior),,https://irkutsk.hh.ru/vacancy/45860634?query=data%20scien,hh.ru
545,Senior Data Scientist,от 500 000 KZT,https://irkutsk.hh.ru/vacancy/45767231?query=data%20scien,hh.ru
546,Data Scientist,до 250 000 руб.,https://irkutsk.hh.ru/vacancy/45191074?query=data%20scien,hh.ru
547,Junior аналитик данных,,https://irkutsk.hh.ru/vacancy/45963299?query=data%20scien,hh.ru
548,BI-аналитик,от 300 000 KZT,https://irkutsk.hh.ru/vacancy/45767593?query=data%20scien,hh.ru
549,Junior Quantitative Researcher,от 100 000 руб.,https://irkutsk.hh.ru/vacancy/44942169?query=data%20scien,hh.ru
550,"Data-science Intern/Analyst, Technology Group, Performance Improvement",,https://irkutsk.hh.ru/vacancy/45726835?query=data%20scien,hh.ru
551,Data Scientist / Аналитик Data Science,,https://irkutsk.hh.ru/vacancy/45062052?query=data%20scien,hh.ru
552,Senior Data Scientist (Recommender Systems),от 250 000 руб.,https://irkutsk.hh.ru/vacancy/40374266?query=data%20scien,hh.ru
553,Lead Quantitative Researcher,200 000 – 500 000 руб.,https://irkutsk.hh.ru/vacancy/45349239?query=data%20scien,hh.ru
554,Data Scientist,,https://irkutsk.hh.ru/vacancy/45959522?query=data%20scien,hh.ru
555,Data Scientist,,https://irkutsk.hh.ru/vacancy/45287557?query=data%20scien,hh.ru
556,Аналитик Data Science,,https://irkutsk.hh.ru/vacancy/45350928?query=data%20scien,hh.ru
557,Product Data Analyst,,https://irkutsk.hh.ru/vacancy/45566108?query=data%20scien,hh.ru
558,Data Scientist,,https://irkutsk.hh.ru/vacancy/45979603?query=data%20scien,hh.ru
559,Data Scientist,,https://irkutsk.hh.ru/vacancy/45932322?query=data%20scien,hh.ru
560,Junior Data Engineer,80 000 – 120 000 руб.,https://irkutsk.hh.ru/vacancy/45827027?query=data%20scien,hh.ru
561,Специалист Computer Vision (Senior Data Scientist),180 000 – 300 000 руб.,https://irkutsk.hh.ru/vacancy/45715303?query=data%20scien,hh.ru
562,Data Scientist,100 000 – 250 000 руб.,https://irkutsk.hh.ru/vacancy/44350010?query=data%20scien,hh.ru
563,Senior data science analytics,от 150 000 руб.,https://irkutsk.hh.ru/vacancy/45378636?query=data%20scien,hh.ru
564,Data Science (Consultant/Middle/Senior),,https://irkutsk.hh.ru/vacancy/45860634?query=data%20scien,hh.ru
565,Senior Data Scientist,от 500 000 KZT,https://irkutsk.hh.ru/vacancy/45767231?query=data%20scien,hh.ru
566,Data Scientist,до 250 000 руб.,https://irkutsk.hh.ru/vacancy/45191074?query=data%20scien,hh.ru
567,Junior аналитик данных,,https://irkutsk.hh.ru/vacancy/45963299?query=data%20scien,hh.ru
568,BI-аналитик,от 300 000 KZT,https://irkutsk.hh.ru/vacancy/45767593?query=data%20scien,hh.ru
569,Junior Quantitative Researcher,от 100 000 руб.,https://irkutsk.hh.ru/vacancy/44942169?query=data%20scien,hh.ru
570,"Data-science Intern/Analyst, Technology Group, Performance Improvement",,https://irkutsk.hh.ru/vacancy/45726835?query=data%20scien,hh.ru
571,Data Scientist / Аналитик Data Science,,https://irkutsk.hh.ru/vacancy/45062052?query=data%20scien,hh.ru
572,Senior Data Scientist (Recommender Systems),от 250 000 руб.,https://irkutsk.hh.ru/vacancy/40374266?query=data%20scien,hh.ru
573,Lead Quantitative Researcher,200 000 – 500 000 руб.,https://irkutsk.hh.ru/vacancy/45349239?query=data%20scien,hh.ru
574,Data Scientist,,https://irkutsk.hh.ru/vacancy/45959522?query=data%20scien,hh.ru
575,Data Scientist,,https://irkutsk.hh.ru/vacancy/45287557?query=data%20scien,hh.ru
576,Аналитик Data Science,,https://irkutsk.hh.ru/vacancy/45350928?query=data%20scien,hh.ru
577,Product Data Analyst,,https://irkutsk.hh.ru/vacancy/45566108?query=data%20scien,hh.ru
578,Data Scientist,,https://irkutsk.hh.ru/vacancy/45979603?query=data%20scien,hh.ru
579,Data Scientist,,https://irkutsk.hh.ru/vacancy/45932322?query=data%20scien,hh.ru
580,Junior Data Engineer,80 000 – 120 000 руб.,https://irkutsk.hh.ru/vacancy/45827027?query=data%20scien,hh.ru
581,Специалист Computer Vision (Senior Data Scientist),180 000 – 300 000 руб.,https://irkutsk.hh.ru/vacancy/45715303?query=data%20scien,hh.ru
582,Data Scientist,100 000 – 250 000 руб.,https://irkutsk.hh.ru/vacancy/44350010?query=data%20scien,hh.ru
583,Senior data science analytics,от 150 000 руб.,https://irkutsk.hh.ru/vacancy/45378636?query=data%20scien,hh.ru
584,Data Science (Consultant/Middle/Senior),,https://irkutsk.hh.ru/vacancy/45860634?query=data%20scien,hh.ru
585,Senior Data Scientist,от 500 000 KZT,https://irkutsk.hh.ru/vacancy/45767231?query=data%20scien,hh.ru
586,Data Scientist,до 250 000 руб.,https://irkutsk.hh.ru/vacancy/45191074?query=data%20scien,hh.ru
587,Junior аналитик данных,,https://irkutsk.hh.ru/vacancy/45963299?query=data%20scien,hh.ru
588,BI-аналитик,от 300 000 KZT,https://irkutsk.hh.ru/vacancy/45767593?query=data%20scien,hh.ru
589,Junior Quantitative Researcher,от 100 000 руб.,https://irkutsk.hh.ru/vacancy/44942169?query=data%20scien,hh.ru
590,"Data-science Intern/Analyst, Technology Group, Performance Improvement",,https://irkutsk.hh.ru/vacancy/45726835?query=data%20scien,hh.ru
591,Data Scientist / Аналитик Data Science,,https://irkutsk.hh.ru/vacancy/45062052?query=data%20scien,hh.ru
592,Senior Data Scientist (Recommender Systems),от 250 000 руб.,https://irkutsk.hh.ru/vacancy/40374266?query=data%20scien,hh.ru
593,Lead Quantitative Researcher,200 000 – 500 000 руб.,https://irkutsk.hh.ru/vacancy/45349239?query=data%20scien,hh.ru
594,Data Scientist,,https://irkutsk.hh.ru/vacancy/45959522?query=data%20scien,hh.ru
595,Data Scientist,,https://irkutsk.hh.ru/vacancy/45287557?query=data%20scien,hh.ru
596,Аналитик Data Science,,https://irkutsk.hh.ru/vacancy/45350928?query=data%20scien,hh.ru
597,Product Data Analyst,,https://irkutsk.hh.ru/vacancy/45566108?query=data%20scien,hh.ru
598,Data Scientist,,https://irkutsk.hh.ru/vacancy/45979603?query=data%20scien,hh.ru
599,Data Scientist,,https://irkutsk.hh.ru/vacancy/45932322?query=data%20scien,hh.ru
